Workbook

Sheet Overview
A1: Gemini Enterprise agents: production IT requirements
A3: One tab per agent, plus the shared platform every agent needs and a secrets register.
A4: Each row is one thing to request or provide: what, the exact value, why, who, and whether the repository automates it. Track progress in the yellow Status and Ticket columns; the table below totals them.
A5: Agent configuration (prompt, model, limits) for code agents lives in Parameter Manager and is published from the repository on each deployment.
A6: Generated from deployment/registry.py by docs/requirements/build_requirements.py; the step-by-step runbook is docs/prod-runbook.md.
A9: Tab | B9: What it covers | C9: Requirements | D9: Done | E9: N/A | F9: Open | G9: % complete
A10: Shared Platform | B10: Project-wide prerequisites every agent depends on. | C10: =COUNTA('Shared Platform'!H:H)-1 | D10: =COUNTIF('Shared Platform'!H:H,"Done") | E10: =COUNTIF('Shared Platform'!H:H,"N/A") | F10: =C10-D10-E10 | G10: =IF(C10-E10=0,"-",D10/(C10-E10))
A11: Growth Analysis | B11: ADK workflow: store performance diagnostic report (Google Doc). | C11: =COUNTA('Growth Analysis'!H:H)-1 | D11: =COUNTIF('Growth Analysis'!H:H,"Done") | E11: =COUNTIF('Growth Analysis'!H:H,"N/A") | F11: =C11-D11-E11 | G11: =IF(C11-E11=0,"-",D11/(C11-E11))
A12: Vendor Match | B12: ADK agent: vendor name standardization against the Drive master dictionary. | C12: =COUNTA('Vendor Match'!H:H)-1 | D12: =COUNTIF('Vendor Match'!H:H,"Done") | E12: =COUNTIF('Vendor Match'!H:H,"N/A") | F12: =C12-D12-E12 | G12: =IF(C12-E12=0,"-",D12/(C12-E12))
A13: Ticket Guidance | B13: ADK agent: Confluence KB guidance and Jira tickets. | C13: =COUNTA('Ticket Guidance'!H:H)-1 | D13: =COUNTIF('Ticket Guidance'!H:H,"Done") | E13: =COUNTIF('Ticket Guidance'!H:H,"N/A") | F13: =C13-D13-E13 | G13: =IF(C13-E13=0,"-",D13/(C13-E13))
A14: Prompt Manager | B14: ADK agent: view and change code agents' prompts and models in Parameter Manager. | C14: =COUNTA('Prompt Manager'!H:H)-1 | D14: =COUNTIF('Prompt Manager'!H:H,"Done") | E14: =COUNTIF('Prompt Manager'!H:H,"N/A") | F14: =C14-D14-E14 | G14: =IF(C14-E14=0,"-",D14/(C14-E14))
A15: Kitchen Sequencer | B15: No-code agent: kitchen compliance from curated BigQuery tables. | C15: =COUNTA('Kitchen Sequencer'!H:H)-1 | D15: =COUNTIF('Kitchen Sequencer'!H:H,"Done") | E15: =COUNTIF('Kitchen Sequencer'!H:H,"N/A") | F15: =C15-D15-E15 | G15: =IF(C15-E15=0,"-",D15/(C15-E15))
A16: Recipe Editorial | B16: No-code agent: recipe editorial QA from BigQuery, emailed report. | C16: =COUNTA('Recipe Editorial'!H:H)-1 | D16: =COUNTIF('Recipe Editorial'!H:H,"Done") | E16: =COUNTIF('Recipe Editorial'!H:H,"N/A") | F16: =C16-D16-E16 | G16: =IF(C16-E16=0,"-",D16/(C16-E16))
A17: Total | C17: =SUM(C10:C16) | D17: =SUM(D10:D16) | E17: =SUM(E10:E16) | F17: =SUM(F10:F16) | G17: =IF(C17-E17=0,"-",D17/(C17-E17))
A19: Status values | B19: Not started, Ticket raised, In progress, Done, N/A, Blocked
A20: Who provides it | B20: Cloud platform team, Cloud IAM / security, Gemini Enterprise admin, Google Workspace admin, Data owner (BigQuery), Atlassian admin, Business owner, Deployment team (us)

Sheet Shared Platform
A1: Shared Platform
A2: Project-wide prerequisites every agent depends on.
A3: Values in <angle brackets> are placeholders for the client's IT team to decide and fill in (those cells are yellow, like Status and notes); everything else is fixed by Google or by the repository. Details: docs/prod-runbook.md.
A5: # | B5: Area | C5: Requirement | D5: Exact value / specification | E5: Why it is needed | F5: Who provides it | G5: Automated by the repo? | H5: Status | I5: Ticket / owner / notes
A6: 1 | B6: Project | C6: Google Cloud project | D6: Project ID: <project ID>. A dedicated project in the client's organization, with billing. | E6: Hosts every runtime, secret, parameter and dataset. | F6: Cloud platform team | G6: No | H6: Not started
A7: 2 | B7: Project | C7: Required APIs | D7: aiplatform, discoveryengine, parametermanager, secretmanager, serviceusage, storage, logging, monitoring, cloudtrace, telemetry, docs, drive, sheets, bigquery, bigquerydatatransfer (each .googleapis.com); places.googleapis.com in the project that owns the Places key. | E7: The agents and the deployment use them. | F7: Cloud platform team | G7: Yes (Terraform or run.py) | H7: Not started
A8: 3 | B8: Gemini Enterprise | C8: Gemini Enterprise app and licences | D8: App (engine) ID: <app ID>, in location global (allowed by org policy); licences for every user. | E8: All agents are published into this app. | F8: Gemini Enterprise admin | G8: No (console only) | H8: Not started
A9: 4 | B9: Gemini Enterprise | C9: Identity provider | D9: Settings > Authentication: Google Identity for global (Workspace or Cloud Identity org). | E9: Needed by ingestion connectors (Confluence) to enforce source permissions. | F9: Gemini Enterprise admin | G9: No (console only) | H9: Not started
A10: 5 | B10: OAuth | C10: OAuth consent screen | D10: Google Auth Platform: Internal user type; app name <app name> and support email <support email>; Data Access lists every scope on the agent tabs. | E10: Every delegated agent and the BigQuery MCP connector use it. | F10: Cloud platform team | G10: No (console only) | H10: Not started
A11: 6 | B11: IAM (all agents) | C11: Baseline roles for every Agent Identity | D11: roles/aiplatform.expressUser, roles/serviceusage.serviceUsageConsumer, roles/parametermanager.parameterAccessor on the project, granted to the principal set of all Agent Identities in the project; roles/storage.objectViewer on the staging bucket only. | E11: Every runtime reads its own parameter and model with these; without them it deploys and then fails on the first request. | F11: Cloud IAM / security | G11: Yes (Terraform) | H11: Not started
A12: 7 | B12: Storage | C12: Staging bucket | D12: gs://<staging bucket> in <region> for runtime packages. | E12: Agent Engine deploys code from it. | F12: Cloud platform team | G12: Yes (Terraform or run.py) | H12: Not started
A13: 8 | B13: Secrets | C13: Secret Manager secrets | D13: Created empty by Terraform (managed_secrets); values supplied through the approved secret process. See the Secrets tab. | E13: API keys and the Jira token; never in code. | F13: Cloud IAM / security | G13: Create yes; values no | H13: Not started
A14: 9 | B14: Deployment access | C14: Deployer identity (person or CI service account) | D14: Principal: <deployer user or CI service account>. On the project: roles/aiplatform.user, roles/discoveryengine.admin, roles/parametermanager.parameterAdmin, roles/secretmanager.admin, roles/storage.admin (staging bucket), roles/bigquery.dataEditor + jobUser (seeding), roles/serviceusage.serviceUsageConsumer; roles/resourcemanager.projectIamAdmin only if it should grant the per-agent roles itself. | E14: Runs `deployment/run.py` (deploy, register, publish prompts, seed, test). | F14: Cloud IAM / security | G14: No | H14: Not started
A15: 10 | B15: Observability | C15: Logging and monitoring | D15: Cloud Logging and Monitoring on the project; optional log sink and alerts (Terraform observability module). | E15: Operating and auditing the agents. | F15: Cloud platform team | G15: Yes (Terraform) | H15: Not started
A16: 11 | B16: Org policy | C16: Custom MCP connectors allowed | D16: constraints/discoveryengine.managed.disableCustomMcpServerConnector enforce: false. | E16: Needed by the BigQuery MCP connector (no-code agents). | F16: Cloud IAM / security | G16: No | H16: Not started
A17: 12 | B17: Org policy | C17: Allowed locations | D17: global (Gemini Enterprise) and the Agent Engine region <region>. | E17: Resource creation fails in a disallowed location. | F17: Cloud IAM / security | G17: No | H17: Not started

Sheet Growth Analysis
A1: Growth Analysis
A2: ADK workflow: store performance diagnostic report (Google Doc).
A3: Values in <angle brackets> are placeholders for the client's IT team to decide and fill in (those cells are yellow, like Status and notes); everything else is fixed by Google or by the repository. Details: docs/prod-runbook.md.
A5: # | B5: Area | C5: Requirement | D5: Exact value / specification | E5: Why it is needed | F5: Who provides it | G5: Automated by the repo? | H5: Status | I5: Ticket / owner / notes
A6: 1 | B6: Runtime | C6: Agent Engine runtime with its own Agent Identity | D6: Region of the deployment; package growth-analysis-workflow; identity type AGENT_IDENTITY (Google-managed, one per runtime). | E6: Hosts the code. Its Agent Identity is the agent's own principal, separate from users and from other agents. | F6: Deployment team (us) | G6: Yes (run.py deploy) | H6: Not started
A7: 2 | B7: Runtime | C7: Runtime configuration parameter (prompt, model, limits) | D7: Parameter Manager parameter growth-analysis-workflow-config (global). Stage prompts ship in the package (resources/prompts.yaml); any stage can be overridden through stage_instructions in this parameter. The runtime re-reads it every 30 seconds, so a prompt or model change needs no redeploy. | E7: Prompts and models are managed as configuration, versioned in Parameter Manager (and editable through the Prompt Manager agent). | F7: Deployment team (us) | G7: Yes (run.py deploy) | H7: Not started
A8: 3 | B8: Gemini Enterprise | C8: Agent listing in the app | D8: Display name: Growth Analysis; plus a native workflow wrapper (backend listed as '… Backend') | E8: How users find and run the agent. | F8: Deployment team (us) | G8: Yes (run.py deploy) | H8: Not started
A9: 4 | B9: Secrets | C9: Secret growth-bls-api-key | D9: Secret Manager secret 'growth-bls-api-key' with a value; roles/secretmanager.secretAccessor granted on this secret only to this agent's identity. Value: U.S. Bureau of Labor Statistics API key (register at bls.gov/developers). | E9: Read by the agent's tools at run time under its own identity; never in code or config files. | F9: Cloud IAM / security + value owner | G9: Grant yes; value no | H9: Not started
A10: 5 | B10: Secrets | C10: Secret growth-fred-api-key | D10: Secret Manager secret 'growth-fred-api-key' with a value; roles/secretmanager.secretAccessor granted on this secret only to this agent's identity. Value: FRED API key (fred.stlouisfed.org > My Account > API Keys). | E10: Read by the agent's tools at run time under its own identity; never in code or config files. | F10: Cloud IAM / security + value owner | G10: Grant yes; value no | H10: Not started
A11: 6 | B11: Secrets | C11: Secret growth-nyt-api-key | D11: Secret Manager secret 'growth-nyt-api-key' with a value; roles/secretmanager.secretAccessor granted on this secret only to this agent's identity. Value: New York Times Article Search API key (developer.nytimes.com). | E11: Read by the agent's tools at run time under its own identity; never in code or config files. | F11: Cloud IAM / security + value owner | G11: Grant yes; value no | H11: Not started
A12: 7 | B12: Secrets | C12: Secret growth-google-places-api-key | D12: Secret Manager secret 'growth-google-places-api-key' with a value; roles/secretmanager.secretAccessor granted on this secret only to this agent's identity. Value: Google Cloud API key restricted to Places API (New); the project that owns it must enable places.googleapis.com and have billing. | E12: Read by the agent's tools at run time under its own identity; never in code or config files. | F12: Cloud IAM / security + value owner | G12: Grant yes; value no | H12: Not started
A13: 8 | B13: OAuth (user sign-in) | C13: Web OAuth client for this agent | D13: Google Auth Platform > Clients > Create > Web application. Name: <client name>. Authorized redirect URIs (both): https://vertexaisearch.cloud.google.com/static/oauth/oauth.html and https://vertexaisearch.cloud.google.com/oauth-redirect. Client ID: <client ID>. Deliver the JSON (with the secret) through the approved secret channel, never email or chat. | E13: The agent acts as the signed-in user; Gemini Enterprise runs this OAuth flow the first time each user clicks Authorize. One client per agent: consent is cached per client. | F13: Cloud platform team | G13: No (console only) | H13: Not started
A14: 9 | B14: OAuth (user sign-in) | C14: Scopes on the OAuth consent screen | D14: openid, email, profile, https://www.googleapis.com/auth/spreadsheets.readonly, https://www.googleapis.com/auth/documents, https://www.googleapis.com/auth/drive [short: openid, email, profile, spreadsheets.readonly, documents, drive] | E14: Users are asked to consent to exactly these. Missing a scope breaks consent and cannot be fixed on an existing authorization without recreating it. | F14: Cloud platform team | G14: No (console only) | H14: Not started
A15: 10 | B15: OAuth (user sign-in) | C15: Workspace trust for the client (if user consent is restricted) | D15: Admin console > Security > API controls > App access control: mark the client ID as Trusted (or allow its scopes). | E15: Sensitive or restricted scopes (Drive, Docs, Sheets, cloud-platform) are often blocked for user consent in managed domains. | F15: Google Workspace admin | G15: No (console only) | H15: Not started
A16: 11 | B16: Gemini Enterprise | C16: Authorization resource | D16: growth-analysis-workflow-authz (created by the deployment from the client above) | E16: Links the agent to the OAuth client; the user's token reaches the agent through it. | F16: Deployment team (us) | G16: Yes (run.py deploy) | H16: Not started
A17: 12 | B17: Data (Google Drive) | C17: Store performance Google Sheet | D17: Spreadsheet ID: <spreadsheet ID>. The existing performance sheet with tabs 'L6W SSS Summary (18 Mo.)' and 'L6W SSS Summary (15 Mo.)' (L6W date in E1, benchmark 'Simple Average' rows 3-6, owner tags on row 10, headers on row 11) and 'ArcGIS (HH, At Scale GOV)' (headers on row 3). Headers that differ from the canonical names are mapped in configuration (column_aliases), not changed in the sheet. | E17: First stage reads it as the signed-in user: bottom 5 (18-month cohort), bottom 3 (15-month cohort) and top 5 stores, with benchmarks and owners for the TL;DR. | F17: Business owner | G17: No | H17: Not started
... A23: 18 | B23: Acceptance | C23: End-to-end test | D23: 'Run the pipeline' produces a Google Doc in the report folder, owned by the user. | E23: Proves the setup works before users are switched over. | F23: Deployment team (us) | G23: Yes (run.py test) | H23: Not started

Sheet Vendor Match
A1: Vendor Match
A2: ADK agent: vendor name standardization against the Drive master dictionary.
A3: Values in <angle brackets> are placeholders for the client's IT team to decide and fill in (those cells are yellow, like Status and notes); everything else is fixed by Google or by the repository. Details: docs/prod-runbook.md.
A5: # | B5: Area | C5: Requirement | D5: Exact value / specification | E5: Why it is needed | F5: Who provides it | G5: Automated by the repo? | H5: Status | I5: Ticket / owner / notes
A6: 1 | B6: Runtime | C6: Agent Engine runtime with its own Agent Identity | D6: Region of the deployment; package vendor-match-agent; identity type AGENT_IDENTITY (Google-managed, one per runtime). | E6: Hosts the code. Its Agent Identity is the agent's own principal, separate from users and from other agents. | F6: Deployment team (us) | G6: Yes (run.py deploy) | H6: Not started
A7: 2 | B7: Runtime | C7: Runtime configuration parameter (prompt, model, limits) | D7: Parameter Manager parameter vendor-match-agent-config (global). prompt.md is published to it on deploy. The runtime re-reads it every 30 seconds, so a prompt or model change needs no redeploy. | E7: Prompts and models are managed as configuration, versioned in Parameter Manager (and editable through the Prompt Manager agent). | F7: Deployment team (us) | G7: Yes (run.py deploy) | H7: Not started
A8: 3 | B8: Gemini Enterprise | C8: Agent listing in the app | D8: Display name: Vendor Match Agent | E8: How users find and run the agent. | F8: Deployment team (us) | G8: Yes (run.py deploy) | H8: Not started
A9: 4 | B9: OAuth (user sign-in) | C9: Web OAuth client for this agent | D9: Google Auth Platform > Clients > Create > Web application. Name: <client name>. Authorized redirect URIs (both): https://vertexaisearch.cloud.google.com/static/oauth/oauth.html and https://vertexaisearch.cloud.google.com/oauth-redirect. Client ID: <client ID>. Deliver the JSON (with the secret) through the approved secret channel, never email or chat. | E9: The agent acts as the signed-in user; Gemini Enterprise runs this OAuth flow the first time each user clicks Authorize. One client per agent: consent is cached per client. | F9: Cloud platform team | G9: No (console only) | H9: Not started
A10: 5 | B10: OAuth (user sign-in) | C10: Scopes on the OAuth consent screen | D10: openid, email, profile, https://www.googleapis.com/auth/drive [short: openid, email, profile, drive] | E10: Users are asked to consent to exactly these. Missing a scope breaks consent and cannot be fixed on an existing authorization without recreating it. | F10: Cloud platform team | G10: No (console only) | H10: Not started
A11: 6 | B11: OAuth (user sign-in) | C11: Workspace trust for the client (if user consent is restricted) | D11: Admin console > Security > API controls > App access control: mark the client ID as Trusted (or allow its scopes). | E11: Sensitive or restricted scopes (Drive, Docs, Sheets, cloud-platform) are often blocked for user consent in managed domains. | F11: Google Workspace admin | G11: No (console only) | H11: Not started
A12: 7 | B12: Gemini Enterprise | C12: Authorization resource | D12: vendor-match-agent-authz (created by the deployment from the client above) | E12: Links the agent to the OAuth client; the user's token reaches the agent through it. | F12: Deployment team (us) | G12: Yes (run.py deploy) | H12: Not started
A13: 8 | B13: Data (Google Drive) | C13: Source folder (Shared Drive) | D13: Folder ID: <source folder ID>. Shared Drive folder for incoming vendor lists; users need Contributor on it. | E13: Every Drive call runs as the signed-in user. | F13: Business owner / Google Workspace admin | G13: No | H13: Not started
A14: 9 | B14: Data (Google Drive) | C14: Master dictionary folder (Shared Drive) | D14: Folder ID: <master dictionary folder ID>. Shared Drive folder for the master vendor dictionary workbook; users need Contributor on it. | E14: Every Drive call runs as the signed-in user. | F14: Business owner / Google Workspace admin | G14: No | H14: Not started
A15: 10 | B15: Data (Google Drive) | C15: Processed folder (Shared Drive) | D15: Folder ID: <processed folder ID>. Shared Drive folder for processed files and staged review batches; users need Contributor on it. | E15: Every Drive call runs as the signed-in user. | F15: Business owner / Google Workspace admin | G15: No | H15: Not started
A16: 11 | B16: Data (Google Drive) | C16: Master vendor dictionary workbook | D16: The current master dictionary .xlsx in the master folder (file name unchanged). | E16: Lookups and approved mappings read and update it. | F16: Business owner | G16: No | H16: Not started
A17: 12 | B17: Quota | C17: Vertex AI model quota | D17: Gemini requests per minute in the deployment region sized for MAX_THREADS (default 10) parallel resolver calls. | E17: Large batches resolve names in parallel with the model. | F17: Cloud platform team | G17: No | H17: Not started
... A19: 14 | B19: Acceptance | C19: End-to-end test | D19: A dictionary lookup for a known vendor returns its master entry. | E19: Proves the setup works before users are switched over. | F19: Deployment team (us) | G19: Yes (run.py test) | H19: Not started

Sheet Ticket Guidance
A1: Ticket Guidance
A2: ADK agent: Confluence KB guidance and Jira tickets.
A3: Values in <angle brackets> are placeholders for the client's IT team to decide and fill in (those cells are yellow, like Status and notes); everything else is fixed by Google or by the repository. Details: docs/prod-runbook.md.
A5: # | B5: Area | C5: Requirement | D5: Exact value / specification | E5: Why it is needed | F5: Who provides it | G5: Automated by the repo? | H5: Status | I5: Ticket / owner / notes
A6: 1 | B6: Runtime | C6: Agent Engine runtime with its own Agent Identity | D6: Region of the deployment; package ticket-guidance-agent; identity type AGENT_IDENTITY (Google-managed, one per runtime). | E6: Hosts the code. Its Agent Identity is the agent's own principal, separate from users and from other agents. | F6: Deployment team (us) | G6: Yes (run.py deploy) | H6: Not started
A7: 2 | B7: Runtime | C7: Runtime configuration parameter (prompt, model, limits) | D7: Parameter Manager parameter ticket-guidance-agent-config (global). prompt.md is published to it on deploy. The runtime re-reads it every 30 seconds, so a prompt or model change needs no redeploy. | E7: Prompts and models are managed as configuration, versioned in Parameter Manager (and editable through the Prompt Manager agent). | F7: Deployment team (us) | G7: Yes (run.py deploy) | H7: Not started
A8: 3 | B8: Gemini Enterprise | C8: Agent listing in the app | D8: Display name: Ticket Guidance Agent | E8: How users find and run the agent. | F8: Deployment team (us) | G8: Yes (run.py deploy) | H8: Not started
A9: 4 | B9: Secrets | C9: Secret ticket-guidance-jira-api-token | D9: Secret Manager secret 'ticket-guidance-jira-api-token' with a value; roles/secretmanager.secretAccessor granted on this secret only to this agent's identity. | E9: Read by the agent's tools at run time under its own identity; never in code or config files. | F9: Cloud IAM / security + value owner | G9: Grant yes; value no | H9: Not started
A10: 5 | B10: OAuth (user sign-in) | C10: Web OAuth client for this agent | D10: Google Auth Platform > Clients > Create > Web application. Name: <client name>. Authorized redirect URIs (both): https://vertexaisearch.cloud.google.com/static/oauth/oauth.html and https://vertexaisearch.cloud.google.com/oauth-redirect. Client ID: <client ID>. Deliver the JSON (with the secret) through the approved secret channel, never email or chat. | E10: The agent acts as the signed-in user; Gemini Enterprise runs this OAuth flow the first time each user clicks Authorize. One client per agent: consent is cached per client. | F10: Cloud platform team | G10: No (console only) | H10: Not started
A11: 6 | B11: OAuth (user sign-in) | C11: Scopes on the OAuth consent screen | D11: openid, email, profile, https://www.googleapis.com/auth/cloud-platform [short: openid, email, profile, cloud-platform] | E11: Users are asked to consent to exactly these. Missing a scope breaks consent and cannot be fixed on an existing authorization without recreating it. | F11: Cloud platform team | G11: No (console only) | H11: Not started
A12: 7 | B12: OAuth (user sign-in) | C12: Workspace trust for the client (if user consent is restricted) | D12: Admin console > Security > API controls > App access control: mark the client ID as Trusted (or allow its scopes). | E12: Sensitive or restricted scopes (Drive, Docs, Sheets, cloud-platform) are often blocked for user consent in managed domains. | F12: Google Workspace admin | G12: No (console only) | H12: Not started
A13: 8 | B13: Gemini Enterprise | C13: Authorization resource | D13: ticket-guidance-agent-authz (created by the deployment from the client above) | E13: Links the agent to the OAuth client; the user's token reaches the agent through it. | F13: Deployment team (us) | G13: Yes (run.py deploy) | H13: Not started
A14: 9 | B14: Atlassian | C14: Dedicated Atlassian service account | D14: Account: <Atlassian service account email> on <Atlassian site URL>. An Atlassian account (not a person's) with: Jira Browse Projects, Create Issues, Modify Reporter, Transition Issues and Edit Issues in the target project; Confluence read on the knowledge base space. | E14: Jira is called as this account; the requesting user is set as reporter by email. | F14: Atlassian admin | G14: No | H14: Not started
A15: 10 | B15: Atlassian | C15: API token for that account | D15: id.atlassian.com > Security > API tokens (classic). Stored as the secret above; API base is the site URL (a scoped token needs api.atlassian.com/ex/jira/<cloudId>). | E15: Authenticates the Jira (and, in api mode, Confluence) calls. | F15: Atlassian admin | G15: No | H15: Not started
A16: 11 | B16: Atlassian | C16: Jira project and workflow | D16: Project key: <Jira project key>; issue types 'Service Request' and 'Incident Request'; statuses 'Done' and 'In Progress' reachable from the initial status; optional parent epic. | E16: Tickets are raised there and moved to Done or In Progress by the conversation. | F16: Atlassian admin | G16: Checked by run.py seed | H16: Not started
A17: 12 | B17: Atlassian | C17: Knowledge base space | D17: Space key: <Confluence knowledge base space key>. | E17: Guidance is answered only from this space. | F17: Atlassian admin | G17: No | H17: Not started
... A22: 17 | B22: Acceptance | C22: End-to-end test | D22: A known issue returns KB guidance and a ticket with the user as reporter; 'resolved' moves it to Done. | E22: Proves the setup works before users are switched over. | F22: Deployment team (us) | G22: Yes (run.py test) | H22: Not started

Sheet Prompt Manager
A1: Prompt Manager
A2: ADK agent: view and change code agents' prompts and models in Parameter Manager.
A3: Values in <angle brackets> are placeholders for the client's IT team to decide and fill in (those cells are yellow, like Status and notes); everything else is fixed by Google or by the repository. Details: docs/prod-runbook.md.
A5: # | B5: Area | C5: Requirement | D5: Exact value / specification | E5: Why it is needed | F5: Who provides it | G5: Automated by the repo? | H5: Status | I5: Ticket / owner / notes
A6: 1 | B6: Runtime | C6: Agent Engine runtime with its own Agent Identity | D6: Region of the deployment; package parameter-updater; identity type AGENT_IDENTITY (Google-managed, one per runtime). | E6: Hosts the code. Its Agent Identity is the agent's own principal, separate from users and from other agents. | F6: Deployment team (us) | G6: Yes (run.py deploy) | H6: Not started
A7: 2 | B7: Runtime | C7: Runtime configuration parameter (prompt, model, limits) | D7: Parameter Manager parameter parameter-updater-config (global). prompt.md is published to it on deploy. The runtime re-reads it every 30 seconds, so a prompt or model change needs no redeploy. | E7: Prompts and models are managed as configuration, versioned in Parameter Manager (and editable through the Prompt Manager agent). | F7: Deployment team (us) | G7: Yes (run.py deploy) | H7: Not started
A8: 3 | B8: Gemini Enterprise | C8: Agent listing in the app | D8: Display name: Prompt Manager | E8: How users find and run the agent. | F8: Deployment team (us) | G8: Yes (run.py deploy) | H8: Not started
A9: 4 | B9: IAM (agent identity) | C9: Project role for this agent's identity: roles/parametermanager.parameterViewer | D9: Grant roles/parametermanager.parameterViewer on the project to this runtime's Agent Identity only (principal printed by the deployment). | E9: Needed by this agent's own tools, beyond the shared baseline. | F9: Cloud IAM / security | G9: Yes, if the deployer may set IAM | H9: Not started
A10: 5 | B10: IAM (agent identity) | C10: Project role for this agent's identity: roles/parametermanager.parameterVersionAdder | D10: Grant roles/parametermanager.parameterVersionAdder on the project to this runtime's Agent Identity only (principal printed by the deployment). | E10: Needed by this agent's own tools, beyond the shared baseline. | F10: Cloud IAM / security | G10: Yes, if the deployer may set IAM | H10: Not started
A11: 6 | B11: Governance | C11: Who may change prompts | D11: Restrict this agent to <prompt owners group>. Every change is shown as a diff and published only after confirmation; versions are never deleted or rewritten. | E11: It changes other agents' live behaviour without a deployment. | F11: Business owner / Gemini Enterprise admin | G11: Partly (sharing yes) | H11: Not started
A12: 7 | B12: User access | C12: Who may use the agent | D12: Group: <Google group of intended users>, each with a Gemini Enterprise license; the agent is shared to that group (optional per-agent access groups are supported). Normally a small admin group only. | E12: Controls who sees and runs the agent. | F12: Business owner / Gemini Enterprise admin | G12: Partly (sharing yes, licensing no) | H12: Not started
A13: 8 | B13: Acceptance | C13: End-to-end test | D13: Listing the agent configurations returns every code agent's parameter. | E13: Proves the setup works before users are switched over. | F13: Deployment team (us) | G13: Yes (run.py test) | H13: Not started

Sheet Kitchen Sequencer
A1: Kitchen Sequencer
A2: No-code agent: kitchen compliance from curated BigQuery tables.
A3: Values in <angle brackets> are placeholders for the client's IT team to decide and fill in (those cells are yellow, like Status and notes); everything else is fixed by Google or by the repository. Details: docs/prod-runbook.md.
A5: # | B5: Area | C5: Requirement | D5: Exact value / specification | E5: Why it is needed | F5: Who provides it | G5: Automated by the repo? | H5: Status | I5: Ticket / owner / notes
A6: 1 | B6: Gemini Enterprise | C6: No-code agent | D6: agents/no_code/kitchen_sequencer (instruction, model, starter prompts, connector). | E6: Kitchen compliance insights from curated tables, replacing the Looker dashboards. | F6: Deployment team (us) | G6: Yes (run.py deploy), then one Create/Update click | H6: Not started
A7: 2 | B7: Data (BigQuery) | C7: Curated dataset and daily refresh | D7: Dataset kitchen_compliance (US) with 4 tables rebuilt daily by BigQuery scheduled queries (infrastructure/sql/kitchen_compliance), run by service account kitchen-compliance-refresh@<project>.iam.gserviceaccount.com (bigquery.dataEditor on the dataset, bigquery.jobUser on the project). | E7: The agent answers only from these tables. | F7: Deployment team (us) (Terraform) | G7: Yes (Terraform) | H7: Not started
A8: 3 | B8: Data (BigQuery) | C8: Source data read for the refresh account | D8: roles/bigquery.dataViewer on <source project>.<source dataset> (the order and item compliance tables) for kitchen-compliance-refresh@<project>.iam.gserviceaccount.com. APIs: bigquerydatatransfer.googleapis.com. | E8: The scheduled queries read the order and item compliance tables. | F8: Data owner (BigQuery) | G8: No | H8: Not started
A9: 4 | B9: Gemini Enterprise | C9: BigQuery MCP connector (shared by both no-code agents) | D9: Custom MCP server https://bigquery.googleapis.com/mcp, OAuth (auth URI https://accounts.google.com/o/oauth2/v2/auth, extra params &access_type=offline&prompt=consent, token URI https://oauth2.googleapis.com/token, scope https://www.googleapis.com/auth/bigquery) with its own Web OAuth client (both redirect URIs: https://vertexaisearch.cloud.google.com/static/oauth/oauth.html, https://vertexaisearch.cloud.google.com/oauth-redirect). | E9: The agent queries BigQuery through it as the signed-in user. | F9: Gemini Enterprise admin + Cloud platform team | G9: Scriptable (create_mcp_connector.py) | H9: Not started
A10: 5 | B10: Org policy | C10: Allow custom MCP connectors | D10: constraints/discoveryengine.managed.disableCustomMcpServerConnector: enforce: false on the project. | E10: New organizations block custom MCP connectors by default. | F10: Cloud IAM / security | G10: No | H10: Not started
A11: 6 | B11: Gemini Enterprise | C11: Connect the connector's data store to the app | D11: Connected data stores > Add existing data stores > <connector>_mcp_data. | E11: Until then the agent designer does not offer the connector. | F11: Gemini Enterprise admin | G11: No (console only) | H11: Not started
A12: 7 | B12: Gemini Enterprise | C12: Enable the connector's actions | D12: Data stores > the connector > Actions: execute_sql_readonly, list_dataset_ids, get_dataset_info, list_table_ids, get_table_info, get_query_results, get_job. Leave execute_sql off. | E12: With actions off the agent says the tool is unavailable. | F12: Gemini Enterprise admin | G12: No (console only) | H12: Not started
A13: 8 | B13: User access | C13: BigQuery roles for every user | D13: roles/mcp.toolUser and roles/bigquery.jobUser on the project that runs the queries; roles/bigquery.dataViewer on the kitchen_compliance dataset. | E13: Queries run as the user; the agent cannot elevate. | F13: Cloud IAM / security / Data owner (BigQuery) | G13: No | H13: Not started
A14: 9 | B14: Gemini Enterprise | C14: Publish the agent | D14: Agent designer > the agent > Create (first time) or Update. Connector changes need a recreate: deploy_no_code.py --recreate, then Create. | E14: The API saves drafts only; chat serves the last published version. | F14: Gemini Enterprise admin / Deployment team (us) | G14: Draft yes; publish no | H14: Not started
A15: 10 | B15: User access | C15: Who may use the agent | D15: Group: <Google group of intended users>, each with a Gemini Enterprise license; the agent is shared to that group (optional per-agent access groups are supported). | E15: Controls who sees and runs the agent. | F15: Business owner / Gemini Enterprise admin | G15: Partly (sharing yes, licensing no) | H15: Not started
A16: 11 | B16: Acceptance | C16: End-to-end test | D16: 'What is the Kitchen Compliance Scorecard for this week?' matches the Looker figures for the same week. | E16: Proves the setup works before users are switched over. | F16: Deployment team (us) | G16: Yes (run.py test) | H16: Not started

Sheet Recipe Editorial
A1: Recipe Editorial
A2: No-code agent: recipe editorial QA from BigQuery, emailed report.
A3: Values in <angle brackets> are placeholders for the client's IT team to decide and fill in (those cells are yellow, like Status and notes); everything else is fixed by Google or by the repository. Details: docs/prod-runbook.md.
A5: # | B5: Area | C5: Requirement | D5: Exact value / specification | E5: Why it is needed | F5: Who provides it | G5: Automated by the repo? | H5: Status | I5: Ticket / owner / notes
A6: 1 | B6: Gemini Enterprise | C6: No-code agent | D6: agents/no_code/recipe_editorial_agent (instruction, model, connectors). | E6: Editorial QA of recipes with an emailed HTML report. | F6: Deployment team (us) | G6: Yes (run.py deploy), then one Create/Update click | H6: Not started
A7: 2 | B7: Data (BigQuery) | C7: Recipe datasets | D7: Product dataset: <project>.<product recipe dataset> with tables (or views) culinary_products, culinary_product_preparation_steps, culinary_product_ingredients, culinary_ingredient_specifications, menu_cycles, menu_items; legacy dataset: <project>.<legacy recipe dataset> with legacy_recipes, legacy_recipe_steps, legacy_recipe_ingredients, legacy_cycle_recipe_slots. | E7: The prompt reads recipes, steps, ingredients and cycles from them. | F7: Data owner (BigQuery) | G7: No | H7: Not started
A8: 3 | B8: Gemini Enterprise | C8: BigQuery MCP connector (shared by both no-code agents) | D8: Custom MCP server https://bigquery.googleapis.com/mcp, OAuth (auth URI https://accounts.google.com/o/oauth2/v2/auth, extra params &access_type=offline&prompt=consent, token URI https://oauth2.googleapis.com/token, scope https://www.googleapis.com/auth/bigquery) with its own Web OAuth client (both redirect URIs: https://vertexaisearch.cloud.google.com/static/oauth/oauth.html, https://vertexaisearch.cloud.google.com/oauth-redirect). | E8: The agent queries BigQuery through it as the signed-in user. | F8: Gemini Enterprise admin + Cloud platform team | G8: Scriptable (create_mcp_connector.py) | H8: Not started
A9: 4 | B9: Org policy | C9: Allow custom MCP connectors | D9: constraints/discoveryengine.managed.disableCustomMcpServerConnector: enforce: false on the project. | E9: New organizations block custom MCP connectors by default. | F9: Cloud IAM / security | G9: No | H9: Not started
A10: 5 | B10: Gemini Enterprise | C10: Connect the connector's data store to the app | D10: Connected data stores > Add existing data stores > <connector>_mcp_data. | E10: Until then the agent designer does not offer the connector. | F10: Gemini Enterprise admin | G10: No (console only) | H10: Not started
A11: 6 | B11: Gemini Enterprise | C11: Enable the connector's actions | D11: Data stores > the connector > Actions: execute_sql_readonly, list_dataset_ids, get_dataset_info, list_table_ids, get_table_info, get_query_results, get_job. Leave execute_sql off. | E11: With actions off the agent says the tool is unavailable. | F11: Gemini Enterprise admin | G11: No (console only) | H11: Not started
A12: 7 | B12: User access | C12: BigQuery roles for every user | D12: roles/mcp.toolUser and roles/bigquery.jobUser on the project that runs the queries; roles/bigquery.dataViewer on both recipe datasets. | E12: Queries run as the user; the agent cannot elevate. | F12: Cloud IAM / security / Data owner (BigQuery) | G12: No | H12: Not started
A13: 8 | B13: Gemini Enterprise | C13: Publish the agent | D13: Agent designer > the agent > Create (first time) or Update. Connector changes need a recreate: deploy_no_code.py --recreate, then Create. | E13: The API saves drafts only; chat serves the last published version. | F13: Gemini Enterprise admin / Deployment team (us) | G13: Draft yes; publish no | H13: Not started
A14: 9 | B14: Gemini Enterprise | C14: Gmail connector (optional, to email the report) | D14: Data stores > Create > Gmail (federated, with actions); Workspace admin consent for the send action. | E14: Without it the report is shown in chat instead of emailed. | F14: Gemini Enterprise admin + Google Workspace admin | G14: No (console only) | H14: Not started
A15: 10 | B15: User access | C15: Who may use the agent | D15: Group: <Google group of intended users>, each with a Gemini Enterprise license; the agent is shared to that group (optional per-agent access groups are supported). | E15: Controls who sees and runs the agent. | F15: Business owner / Gemini Enterprise admin | G15: Partly (sharing yes, licensing no) | H15: Not started
A16: 11 | B16: Acceptance | C16: End-to-end test | D16: A recipe SKU returns the QA report; with Gmail, it is emailed to the recipient. | E16: Proves the setup works before users are switched over. | F16: Deployment team (us) | G16: Yes (run.py test) | H16: Not started

Sheet Secrets
A1: Secrets register
A2: Every secret the agents read. Values never go in code, config files, email or chat.
A4: Secret ID | B4: Used by | C4: Value / source | D4: Read by | E4: Rotation owner | F4: Status
A5: growth-bls-api-key | B5: Growth Analysis | C5: See the agent's tab | D5: Growth Analysis Agent Identity (roles/secretmanager.secretAccessor, this secret only) | E5: Value owner | F5: Not started
A6: growth-fred-api-key | B6: Growth Analysis | C6: See the agent's tab | D6: Growth Analysis Agent Identity (roles/secretmanager.secretAccessor, this secret only) | E6: Value owner | F6: Not started
A7: growth-nyt-api-key | B7: Growth Analysis | C7: See the agent's tab | D7: Growth Analysis Agent Identity (roles/secretmanager.secretAccessor, this secret only) | E7: Value owner | F7: Not started
A8: growth-google-places-api-key | B8: Growth Analysis | C8: See the agent's tab | D8: Growth Analysis Agent Identity (roles/secretmanager.secretAccessor, this secret only) | E8: Value owner | F8: Not started
A9: growth-analysis-workflow-oauth-client-secret | B9: Growth Analysis | C9: The agent's Google OAuth client secret (imported on first registration) | D9: Gemini Enterprise authorization (deployment) | E9: Cloud platform team | F9: Not started
A10: vendor-match-agent-oauth-client-secret | B10: Vendor Match Agent | C10: The agent's Google OAuth client secret (imported on first registration) | D10: Gemini Enterprise authorization (deployment) | E10: Cloud platform team | F10: Not started
A11: ticket-guidance-jira-api-token | B11: Ticket Guidance Agent | C11: See the agent's tab | D11: Ticket Guidance Agent Agent Identity (roles/secretmanager.secretAccessor, this secret only) | E11: Value owner | F11: Not started
A12: ticket-guidance-agent-oauth-client-secret | B12: Ticket Guidance Agent | C12: The agent's Google OAuth client secret (imported on first registration) | D12: Gemini Enterprise authorization (deployment) | E12: Cloud platform team | F12: Not started
A13: (connector-held) BigQuery MCP OAuth client secret | B13: Kitchen Sequencer, Recipe Editorial | C13: Entered once into the connector; held by Gemini Enterprise | D13: Gemini Enterprise | E13: Cloud platform team | F13: Not started
A14: (connector-held) Atlassian OAuth app secret | B14: Ticket Guidance | C14: Entered once into the Confluence connector; held by Gemini Enterprise | D14: Gemini Enterprise | E14: Atlassian admin | F14: Not started
